<?xml version="1.0" encoding="UTF-8"?>
<beans:beans xmlns="http://www.springframework.org/schema/mvc"
	xmlns:xsi="http://www.w3.org/2001/XMLSchema-instance" xmlns:beans="http://www.springframework.org/schema/beans"
	xmlns:context="http://www.springframework.org/schema/context"
	xsi:schemaLocation="http://www.springframework.org/schema/mvc http://www.springframework.org/schema/mvc/spring-mvc.xsd
		http://www.springframework.org/schema/beans http://www.springframework.org/schema/beans/spring-beans.xsd
		http://www.springframework.org/schema/context http://www.springframework.org/schema/context/spring-context.xsd">

	<!-- DispatcherServlet Context: defines this servlet's request-processing 
		infrastructure -->

	<!-- Enables the Spring MVC @Controller programming model -->
	<annotation-driven />

	<!-- Handles HTTP GET requests for /resources/** by efficiently serving 
		up static resources in the ${webappRoot}/resources directory -->
	<resources mapping="/resources/**" location="/resources/" />
	<!-- 업로드된 파일(사진) 들을 원래 가지는 성격의 파일로 정용하기 위한 설정 -->
	<resources mapping="/BoardPhoto/**" location="/BoardPhoto/" />

	<!-- Resolves views selected for rendering by @Controllers to .jsp resources 
		in the /WEB-INF/views directory -->
	<beans:bean
		class="org.springframework.web.servlet.view.InternalResourceViewResolver">
		<beans:property name="prefix" value="/WEB-INF/views/" />
		<beans:property name="suffix" value=".jsp" />
	</beans:bean>


	<beans:bean id="dataSource" class="com.mchange.v2.c3p0.ComboPooledDataSource">
		<!-- 식별자 -->
		<beans:property name="driverClass" value="com.mysql.cj.jdbc.Driver" />

		<beans:property name="jdbcUrl"

			value="jdbc:mysql://localhost/pgp?allowMultiQueries=true&amp;serverTimezone=UTC" />
		<beans:property name="user" value="bit" />

		<beans:property name="password" value="bit" />
	</beans:bean>
	<!--MyBatis&Spring 연동 -->

	<beans:bean id="sqlSessionFactory" class="org.mybatis.spring.SqlSessionFactoryBean">
		<beans:property name="dataSource" ref="dataSource" />
		<beans:property name="mapperLocations" value="classpath:p/g/p/mapper/*.xml" />
		<!--calsspath:xml이 위치한 패키지 경로 -->

	</beans:bean>
	<!-- sqlSessionTemplet 생성하는빈 Mybatais로 Dao -->
	<beans:bean id="sqlSession" class="org.mybatis.spring.SqlSessionTemplate">
		<beans:constructor-arg index="0" ref="sqlSessionFactory" />
	</beans:bean>

	<!-- 파일업로드 처리를 위한 multipartResolver bean 등록 -->
	<beans:bean id="multipartResolver"
		class="org.springframework.web.multipart.commons.CommonsMultipartResolver">
		<beans:property name="defaultEncoding">
			<beans:value>utf-8</beans:value>
		</beans:property>
	</beans:bean>

	<!--회원가입을 위한 memberSerive 빈 -->
	<beans:bean id="memberservice" class="p.g.p.service.MemberService" />


	<!--게시판 서비스 -->
	<beans:bean id="boardservice" class="p.g.p.service.BoardService" />

	<beans:bean id="boardphotoUp" class="p.g.p.service.BoardPhotoUpLoad" />

	<!--카테고리 모델 1 빈 -->
	<beans:bean id="room" class="p.g.p.model.Category_Room" />

	<beans:bean id="space" class="p.g.p.model.Category_Space" />



	<!-- 마이페이지 Mp_file_service 빈 -->
	<beans:bean id="Mp_file_service" class="p.g.p.service.Mp_file_service" />



	<!-- 관리자 ManagerService 빈 -->
	<beans:bean id="ManagerService" class="p.g.p.service.ManagerService" />


	<context:component-scan base-package="p.g.p" />





	<!-- <interceptors> 한개의 핸들러인터셉터를 생성 <interceptor> 핸들러인터셉터를 적용할 경로 설정 <mapping 
		path="/**" /> 경로중 일부 경로를 제외하고 싶을 때 <exclude-mapping path="/member/**"/> <exclude-mapping 
		path="/manager/managerloginform"/> <exclude-mapping path="/home"/> <exclude-mapping 
		path="/p/"/> 인터셉터 클래스를 상속받아 사용할 메서드가 있는 클래스 경로 <beans:bean class="p.g.p.Interceptor.LoginCkInterceptor"/> 
		</interceptor> </interceptors> -->

	<!-- photoList -->
	<!-- <beans:bean id="photolistview" class="p.g.p.service.PhotoService"/> -->

	<!-- 메일 보내기 설정 -->

	<beans:bean id="mailSender"
		class="org.springframework.mail.javamail.JavaMailSenderImpl">

		<beans:property name="host" value="smtp.gmail.com" />
		<beans:property name="port" value="587" />



		<beans:property name="username" value="dlrjsgmlv39@gmail.com" />

		<beans:property name="password" value="dlrjsgml12#" />

		<beans:property name="defaultEncoding" value="utf-8" />

		<beans:property name="javaMailProperties">
			<beans:props>
				<beans:prop key="mail.smtp.auth">true</beans:prop>
				<beans:prop key="mail.smtp.starttls.enable">true</beans:prop>
				<beans:prop key="mail.debug">true</beans:prop>
			</beans:props>
		</beans:property>
	</beans:bean>



	<beans:bean id="mainpage" class="p.g.p.service.MainPageService" />

	<beans:bean id="mpmypages" class="p.g.p.service.Mp_MyPageList" />

	<beans:bean id="MemberTemppwService" class="p.g.p.service.MemberTemppwService" />

	<context:component-scan base-package="p.g.p" />


	<!--포토디테일서비스 빈 -->
	<beans:bean id="photodetailservice" class="p.g.p.service.PhotodetailService" />
	<beans:bean id="furniturerankservice" class="p.g.p.service.FurnitureRankService" />
	<beans:bean id="storyboardservice" class="p.g.p.service.StoryBoardService" />
	<beans:bean id="navershopping" class="p.g.p.service.NaverShoppingService" />

	<beans:bean id="SidebarSerivce" class="p.g.p.service.SidebarSerivce" />

	<!--마이페이지 빈 -->
	<beans:bean id="MypageService" class="p.g.p.service.MypageService" />

</beans:beans>

