<?xml version="1.0" encoding="UTF-8"?>
<!DOCTYPE mapper PUBLIC "-//mybatis.org//DTD Mapper 3.0//EN" "http://mybatis.org/dtd/mybatis-3-mapper.dtd">

<mapper namespace="p.g.p.dao.ManagerDao">



   <select id="loginSelect" resultType="p.g.p.model.Manager">

      select * from pgp.manager
      where manager_id= #{id};

   </select>


   <!-- 공지사항 입력하기 -->

   <insert id="insertNotice" parameterType="p.g.p.model.Notice">

      INSERT INTO pgp.notice(
      notice_title,
      notice_contents,
      manager_idx)
      VALUES(
      #{notice_title},
      #{notice_contents},
      #{manager_idx});


   </insert>

   <!-- 공지사항 목록 보여주기 -->
   <select id="selectNoticeList" resultType="p.g.p.model.Notice">

      select
      *
      from pgp.notice;

   </select>

   <!-- 공지사항 내용 보여주기 -->
   <select id="selectByNoticeIdx" resultType="p.g.p.model.Notice">

      select
      *
      from pgp.notice
      where notice_idx = #{notice_idx};

   </select>

   <!-- 공지사항 글 삭제 -->
   <delete id="deleteByIdx">

      delete from pgp.notice where
      notice_idx=#{notice_idx};

   </delete>

   <!-- 공지사항 글 수정 -->
   <update id="updateByIdx" parameterType="p.g.p.model.Notice">

      update pgp.notice set
      notice_title=#{notice_title},
      notice_contents=#{notice_contents}
      where notice_idx=#{notice_idx};

   </update>

   <!-- 신고 글 리스트 보기 -->
   <select id="selectReportList" parameterType="p.g.p.model.report"
      resultType="p.g.p.model.report">

      select * from pgp.report;

   </select>

   <!-- FAQ리스트 보여주기 -->
   <select id="selectFaqList" resultType="p.g.p.model.Faq">

      select
      *
      from pgp.faq;

   </select>

   <!-- FAQ 입력 -->

   <insert id="insertFaq" parameterType="p.g.p.model.Faq">

      INSERT INTO pgp.faq
      (
      faq_title,
      faq_contents,
      manager_idx)
      VALUES
      (
      #{faq_title},
      #{faq_contents},
      #{manager_idx});

   </insert>

   <select id="selectByFaqIdx" resultType="p.g.p.model.Faq">

      select
      *
      from pgp.faq
      where faq_idx = #{faq_idx};

    </select>
    
    <delete id="deleteFaqByIdx">
       
       delete from pgp.faq where
      faq_idx=#{faq_idx};
    
    </delete>
    
    <update id="updateFaqByIdx"  parameterType="p.g.p.model.Faq">
    
    update pgp.faq set
      faq_title=#{faq_title},
      faq_contents=#{faq_contents}
    where faq_idx=#{faq_idx};
    
    
    </update>



</mapper>