<?xml version="1.0" encoding="UTF-8"?>
<!DOCTYPE mapper PUBLIC "-//mybatis.org//DTD Mapper 3.0//EN" "http://mybatis.org/dtd/mybatis-3-mapper.dtd">

<mapper namespace="p.g.p.dao.MemberDao">



  <insert id="insertMember" parameterType="p.g.p.model.Member_info">

      INSERT INTO
      pgp.member_info
      (member_id,
      member_pw,
      member_name,
      member_nickname,
      member_birth,
      member_phone,
      member_intro,member_gender)
      VALUES
      (#{member_id},#{member_pw},#{member_name},#{member_nickname},#{member_birth},#{member_phone},#{member_intro},#{member_gender});
   </insert>

   <select id="loginSelect" resultType="p.g.p.model.Member_info">

      select * from
      pgp.member_info where member_id = #{id};
   </select>


   <select id="countPhoto" parameterType="p.g.p.model.Board"
      resultType="int">

      select count(board.board_idx) from pgp.board where
      member_idx=#{member_idx};

   </select>

   <select id="LatestPhoto" parameterType="int"
      resultType="p.g.p.model.Join_board_boardphoto">

      select
      *
      from
      pgp.board_photo as a
      join pgp.board as b
      on
      a.board_idx = b.board_idx
      where
      b.member_idx=#{member_idx}
      order by
      b.board_idx desc limit 3 ;

   </select>

   <select id="LatestScrapPhoto" parameterType="int" resultType="String">

      select board_photo.photo_name
      from pgp.board_photo
      where
      board_photo.board_idx = (

      select board_idx
      from pgp.scrap
      where
      member_idx=#{member_idx}
      order by scrap_idx desc limit 1

      );


   </select>

   <select id="LatestLikePhoto" parameterType="int" resultType="String">

      select board_photo.photo_name
      from pgp.board_photo
      where board_photo.board_idx = (

      select board_idx
      from pgp.like
      where member_idx=#{member_idx}
      order by like_idx desc limit 1
      );




   </select>


   <select id="selectLikePhoto" parameterType="int"
      resultType="p.g.p.model.Join_board_boardphoto">


      select c.photo_name,d.board_idx
      from
      pgp.member_info as a
      join
      pgp.like as
      b
      on a.member_idx=b.member_idx
      join
      pgp.board_photo as c
      on b.board_idx =
      c.board_idx
      join 
      pgp.board as d
      on c.board_idx = d.board_idx
      where a.member_idx=#{member_idx};

   </select>


   <insert id="kakaoinsert" parameterType="p.g.p.model.Member_info">
      INSERT INTO
      pgp.member_info
      (member_id,
      member_pw,
      member_name,
      member_phone,
      member_birth,
      member_gender)
      VALUES
      (#{member_id},#{member_pw},#{member_phone},
      #{member_name},#{member_gender},#{member_birth});
   </insert>
   
   
   
   
   
   
   
   
   
   <!--//////////////////////////////////////////////////////////////////////////////////////////////////-->

<select id="selectChkId" resultType="String" parameterType="p.g.p.model.Member_info">
	select member_id from
	pgp.member_info where member_name = #{member_name} and member_birth = #{member_birth} and member_phone =
	#{member_phone};
	</select>


	<select id="selectChkPw" resultType="p.g.p.model.Member_info" parameterType="p.g.p.model.Member_info">
	select * from pgp.member_info where member_id = #{member_id} and member_name = #{member_name} and
	member_phone = #{member_phone};
	</select>


	
	
	<update id="updateChgPw" parameterType="p.g.p.model.Member_info"> 
	update pgp.member_info set member_pw = #{member_pw} where member_id = #{member_id} and member_name = #{member_name} and
	member_phone = #{member_phone};
	
	</update>
	
	
	
	

</mapper>