<?xml version="1.0" encoding="UTF-8"?>
<!DOCTYPE mapper PUBLIC "-//mybatis.org//DTD Mapper 3.0//EN" "http://mybatis.org/dtd/mybatis-3-mapper.dtd">

<mapper namespace="p.g.p.dao.PageMakerDao">

<select id="noticelist" resultType="p.g.p.model.Notice" parameterType="p.g.p.model.PageMaker">

select * from notice order by notice_idx desc limit #{pageChecknum},#{contentnum};

</select>

<select id="testcount" resultType="int">

select count(*) from notice;

</select>

<select id="faqtestcount" resultType="int">

select count(*) from pgp.faq;

</select>

<select id="faqlist" resultType="p.g.p.model.Faq" parameterType="p.g.p.model.PageMaker">

select * from pgp.faq order by faq_idx desc limit #{pageChecknum},#{contentnum};


</select>


</mapper>