<?xml version="1.0" encoding="UTF-8"?>
<!DOCTYPE mapper PUBLIC "-//mybatis.org//DTD Mapper 3.0//EN" "http://mybatis.org/dtd/mybatis-3-mapper.dtd">

<mapper namespace="p.g.p.dao.PhotoleeDao">


	<select id="photolistlike" resultType="p.g.p.model.PhotoListmodel"
		parameterType="p.g.p.model.PhotoListmodel">
		SELECT
		m.member_id,m.member_photo,m.member_idx,b.board_scrap,b.board_idx,b.board_title,b.board_contents,p.photo_name,m.member_photo,b.board_cnt,b.board_comment,b.board_like,b.board_scrap,b.board_regdate,b.category_idx,b.category_idx2,r.category_room,s.category_space
		FROM pgp.member_info m LEFT JOIN pgp.board b ON m.member_idx =
		b.member_idx
		LEFT JOIN pgp.board_photo p ON p.board_idx = b.board_idx
		LEFT JOIN
		pgp.category_room r on r.category_idx = b.category_idx LEFT
		JOIN 
		pgp.category_space s on s.category_idx = b.category_idx2 where
		b.board_idx>0
		<if test="!room.equals('')">
			and category_room = #{room}
		</if>
		<if test="!space.equals('')">
			and category_space = #{space}
		</if>
		order by b.board_like desc;
	</select>
	
	<select id="photolistcnt" resultType="p.g.p.model.PhotoListmodel"
		parameterType="p.g.p.model.PhotoListmodel">
		SELECT
		m.member_id,m.member_photo,m.member_idx,b.board_scrap,b.board_idx,b.board_title,b.board_contents,p.photo_name,m.member_photo,b.board_cnt,b.board_comment,b.board_like,b.board_scrap,b.board_regdate,b.category_idx,b.category_idx2,r.category_room,s.category_space
		FROM pgp.member_info m LEFT JOIN pgp.board b ON m.member_idx =
		b.member_idx
		LEFT JOIN pgp.board_photo p ON p.board_idx = b.board_idx
		LEFT JOIN
		pgp.category_room r on r.category_idx = b.category_idx LEFT
		JOIN 
		pgp.category_space s on s.category_idx = b.category_idx2 where
			b.board_idx>0
		<if test="!room.equals('')">
			and category_room = #{room}
		</if>
		<if test="!space.equals('')">
			and category_space = #{space}
		</if>
		order by b.board_cnt desc;
	
	</select>
	
	<select id="photolist" resultType="p.g.p.model.PhotoListmodel"
		parameterType="p.g.p.model.PhotoListmodel">
SELECT
		m.member_id,m.member_photo,m.member_idx,b.board_scrap,b.board_idx,b.board_title,b.board_contents,p.photo_name,m.member_photo,b.board_cnt,b.board_comment,b.board_like,b.board_scrap,b.board_regdate,b.category_idx,b.category_idx2,r.category_room,s.category_space
		FROM pgp.member_info m LEFT JOIN pgp.board b ON m.member_idx =
		b.member_idx
		LEFT JOIN pgp.board_photo p ON p.board_idx = b.board_idx
		LEFT JOIN
		pgp.category_room r on r.category_idx = b.category_idx LEFT
		JOIN 
		pgp.category_space s on s.category_idx = b.category_idx2 where
			b.board_idx>0
		<if test="!room.equals('')">
			and category_room = #{room}
		</if>
		<if test="!space.equals('')">
			and category_space = #{space}
		</if>

		order by board_idx desc;
        

	</select>
	<insert id="likeUp" parameterType="p.g.p.model.Like">

		insert into
		pgp.like(member_idx,board_idx)
		values(#{member_idx},#{board_idx})

	</insert>

	<select id="selectlikeck" resultType="p.g.p.model.Like"
		parameterType="p.g.p.model.Like">

		SELECT * FROM pgp.like where member_idx = #{member_idx}
		and board_idx =
		#{board_idx};
	</select>
	
	<update id="likeupdatUp" parameterType="p.g.p.model.Like">
		UPDATE

		pgp.board

		SET

		board_like = board_like + 1

		WHERE board_idx = #{board_idx};
	</update>
	<update id="likeupdatDown" parameterType="p.g.p.model.Like">
		UPDATE

		pgp.board

		SET

		board_like = board_like - 1

		WHERE board_idx = #{board_idx};
	</update>	
	<delete id="deletelike" parameterType="p.g.p.model.Like">
		delete from pgp.like where
		like_idx = #{like_idx}
	</delete>

	<select id="seleteimg" resultType="p.g.p.model.Like"
		parameterType="p.g.p.model.Like">

		select board_idx from pgp.like where member_idx = #{member_idx};

	</select>
	


</mapper>