<?xml version="1.0" encoding="UTF-8"?>
<!DOCTYPE mapper PUBLIC "-//mybatis.org//DTD Mapper 3.0//EN" "http://mybatis.org/dtd/mybatis-3-mapper.dtd">

<mapper namespace="p.g.p.dao.StoryBoardDao">

	<!-- 글쓰기 -->
	<insert id="insertStroyboard" parameterType="p.g.p.model.StoryBoard">
		<!-- insert into pgp.storyboard(storyboard_contents,storyboard_photo,member_idx) 
			values(#{storyboard_contents},#{storyboard_photo},#{member_idx}); -->
		insert into
		pgp.storyboard(storyboard_contents,member_idx)
		values(#{storyboard_contents},#{member_idx});
	</insert>
	<update id="updateStroyboard" parameterType="p.g.p.model.StoryBoard">
		update
		pgp.storyboard set storyboard_photo=#{storyboard_photo} where
		storyboard_idx=#{storyboard_idx};
	</update>


	<!-- 스토리보드 & 멤버정보 리스트 -->
	<select id="select_join_MemberInfo_StoryBoard" resultType="p.g.p.model.Join_MemberInfo_StoryBoard">
		select * from pgp.storyboard, member_info where
		member_info.member_idx=pgp.storyboard.member_idx  order by storyboard_regdate desc

	</select>


	<!-- 스토리보드 댓글 -->
	<insert id="insertStoryComment" parameterType="p.g.p.model.StoryBoard_Comment" useGeneratedKeys="true" keyProperty="storyboard_comment_idx">
		insert into
		storyboard_comment(storyboard_idx,storyboard_comment_contents,member_idx)
		values(#{storyboard_idx},#{storyboard_comment_contents},#{member_idx})
		;
	</insert>
	<!-- 포토번호 넣기 -->
	<select id="selectPhotoMaxIDX" resultType="int">
		select
		max(storyboard_idx) from
		pgp.storyboard ;
	</select>

	<select id="storyCommentList" resultType="p.g.p.model.Join_MemberInfo_StoryBoardComment"
		parameterType="p.g.p.model.Join_MemberInfo_StoryBoardComment">
		select * from storyboard_comment,member_info where
		member_info.member_idx=storyboard_comment.member_idx order by
		storyboard_comment_regdate asc;
	</select>

	<!-- 스토리 보드 삭제 -->
	<delete id="deleteStoryboard" parameterType="p.g.p.model.StoryBoard">
		delete from
		pgp.storyboard where storyboard_idx=#{storyboard_idx};
	</delete>

	<!-- 스토리 보드 댓글 전체 삭제 -->
	<delete id="deleteAllStoryComment" parameterType="p.g.p.model.StoryBoard_Comment">
		delete from
		storyboard_comment where storyboard_idx=#{storyboard_idx};
	</delete>
	<!-- 스토리 좋아요 전체 삭제 -->
	<delete id="deleteAllLike" parameterType="p.g.p.model.Like">
		delete from pgp.like
		where
		storyboard_idx=#{storyboard_idx};
	</delete>
	<!-- 스토리 댓글 삭제 -->
	<delete id="deleteStoryComment" parameterType="p.g.p.model.StoryBoard_Comment">
		delete from
		storyboard_comment where
		storyboard_comment_idx=#{storyboard_comment_idx};
	</delete>

	<!-- 스토리 사진 물리적 삭제 -->
	<select id="selectStoryPhotoName" resultType="p.g.p.model.Join_MemberInfo_StoryBoard"
		parameterType="p.g.p.model.Join_MemberInfo_StoryBoard">
		select storyboard_photo from pgp.storyboard where
		storyboard_idx=#{storyboard_idx};
	</select>

	<!-- 스토리 좋아요 -->
	<select id="selectLikeCk" resultType="p.g.p.model.Like"
		parameterType="p.g.p.model.Like">
		SELECT * FROM pgp.like where member_idx = #{member_idx}
		and storyboard_idx=#{storyboard_idx};
	</select>

	<insert id="insertStoryLike" parameterType="p.g.p.model.Like">
		insert into
		pgp.like(member_idx,storyboard_idx)
		values(#{member_idx},#{storyboard_idx});
	</insert>

	<update id="updateLikeUp" parameterType="p.g.p.model.Like">
		update pgp.storyboard
		set storyboard_like=storyboard_like+1
		where
		storyboard_idx=#{storyboard_idx};
	</update>

	<update id="updateLikeDown" parameterType="p.g.p.model.Like">
		update pgp.storyboard
		set storyboard_like = storyboard_like-1
		where storyboard_idx =
		#{storyboard_idx};
	</update>

	<delete id="deletelike" parameterType="p.g.p.model.Like">
		delete from pgp.like where
		member_idx = #{member_idx}
		and
		storyboard_idx=#{storyboard_idx};
	</delete>

	<select id="selecting" resultType="p.g.p.model.Like"
		parameterType="p.g.p.model.Like">

		select storyboard_idx from pgp.like where member_idx =
		#{member_idx};

	</select>

	<!-- 스토리 신고 -->

	<insert id="reportboard" parameterType="p.g.p.model.report">

		INSERT INTO
		pgp.report(
		report_contents,member_idx,storyboard_idx)
		VALUES(#{report_contents},#{member_idx},#{storyboard_idx});

	</insert>


	<select id="selectMpStory" resultType="p.g.p.model.Join_MemberInfo_StoryBoard">


		select * from
		pgp.member_info as a
		join
		pgp.storyboard as b
		on a.member_idx = b.member_idx
		where a.member_idx=#{member_idx};
	
	</select>


</mapper>



